-- 插入系统参数表数据
DELETE
FROM `sys_param`
WHERE `id` IN (1, 2, 3);
INSERT INTO `sys_param` (`id`, `group_name`, `key`, `value`, `description`)
VALUES (1, 'storage', 'totalStorageSize', '1024', '总存储大小（单位M）'),
       (2, 'system', 'initDataFlag', '1', '系统初始化数据标识'),
       (3, 'version', 'version', '1.1.2', '当前脚本的版本号');

-- 插入文件类型表数据
DELETE
FROM `file_type`
WHERE `id` IN (0, 1, 2, 3, 4, 5);
INSERT INTO `file_type` (`id`, `name`, `order`)
VALUES (0, '全部', '1'),
       (1, '图片', '2'),
       (2, '文档', '3'),
       (3, '视频', '4'),
       (4, '音乐', '5'),
       (5, '其他', '6');

-- 插入文件扩展名信息表数据
DELETE
FROM `file_extension`
WHERE `id` IN (
               'bmp', 'jpg', 'png', 'tif', 'gif', 'jpeg', 'doc', 'docx', 'docm', 'dot', 'dotx', 'dotm', 'odt', 'fodt',
               'ott', 'rtf', 'txt', 'html', 'htm', 'mht', 'xml', 'pdf', 'djvu', 'fb2', 'epub', 'xps', 'xls', 'xlsx',
               'xlsm', 'xlt', 'xltx', 'xltm', 'ods', 'fods', 'ots', 'csv', 'pps', 'ppsx', 'ppsm', 'ppt', 'pptx', 'pptm',
               'pot', 'potx', 'potm', 'odp', 'fodp', 'otp', 'hlp', 'wps', 'avi', 'mp4', 'mpg', 'mov', 'swf', 'wav',
               'aif', 'au', 'mp3', 'ram', 'wma', 'mmf', 'amr', 'aac', 'flac', 'java', 'js', 'css', 'json'
    );
INSERT INTO `file_extension` (`id`, `name`, `desc`, `img_url`)
VALUES ('bmp', 'bmp', '位图文件', ''),
       ('jpg', 'jpg', 'JPEG图像', ''),
       ('png', 'png', 'PNG图像', ''),
       ('tif', 'tif', 'TIFF图像', ''),
       ('gif', 'gif', 'GIF图像', ''),
       ('jpeg', 'jpeg', 'JPEG图像', ''),
       ('doc', 'doc', 'Word文档', ''),
       ('docx', 'docx', 'Word文档', ''),
       ('docm', 'docm', 'Word宏文档', ''),
       ('dot', 'dot', 'Word模板', ''),
       ('dotx', 'dotx', 'Word模板', ''),
       ('dotm', 'dotm', 'Word宏模板', ''),
       ('odt', 'odt', 'OpenDocument文本', ''),
       ('fodt', 'fodt', 'OpenDocument文本', ''),
       ('ott', 'ott', 'OpenDocument模板', ''),
       ('rtf', 'rtf', '富文本格式', ''),
       ('txt', 'txt', '纯文本文件', ''),
       ('html', 'html', 'HTML文件', ''),
       ('htm', 'htm', 'HTML文件', ''),
       ('mht', 'mht', 'MHTML文件', ''),
       ('xml', 'xml', 'XML文件', ''),
       ('pdf', 'pdf', 'PDF文件', ''),
       ('djvu', 'djvu', 'DjVu文件', ''),
       ('fb2', 'fb2', 'FictionBook文件', ''),
       ('epub', 'epub', 'EPUB文件', ''),
       ('xps', 'xps', 'XPS文件', ''),
       ('xls', 'xls', 'Excel文件', ''),
       ('xlsx', 'xlsx', 'Excel文件', ''),
       ('xlsm', 'xlsm', 'Excel宏文件', ''),
       ('xlt', 'xlt', 'Excel模板', ''),
       ('xltx', 'xltx', 'Excel模板', ''),
       ('xltm', 'xltm', 'Excel宏模板', ''),
       ('ods', 'ods', 'OpenDocument电子表格', ''),
       ('fods', 'fods', 'OpenDocument电子表格', ''),
       ('ots', 'ots', 'OpenDocument电子表格模板', ''),
       ('csv', 'csv', 'CSV文件', ''),
       ('pps', 'pps', 'PowerPoint幻灯片', ''),
       ('ppsx', 'ppsx', 'PowerPoint幻灯片', ''),
       ('ppsm', 'ppsm', 'PowerPoint宏幻灯片', ''),
       ('ppt', 'ppt', 'PowerPoint演示文稿', ''),
       ('pptx', 'pptx', 'PowerPoint演示文稿', ''),
       ('pptm', 'pptm', 'PowerPoint宏演示文稿', ''),
       ('pot', 'pot', 'PowerPoint模板', ''),
       ('potx', 'potx', 'PowerPoint模板', ''),
       ('potm', 'potm', 'PowerPoint宏模板', ''),
       ('odp', 'odp', 'OpenDocument演示文稿', ''),
       ('fodp', 'fodp', 'OpenDocument演示文稿', ''),
       ('otp', 'otp', 'OpenDocument演示文稿模板', ''),
       ('hlp', 'hlp', '帮助文件', ''),
       ('wps', 'wps', 'WPS文件', ''),
       ('avi', 'avi', 'AVI视频文件', ''),
       ('mp4', 'mp4', 'MP4视频文件', ''),
       ('mpg', 'mpg', 'MPEG视频文件', ''),
       ('mov', 'mov', 'MOV视频文件', ''),
       ('swf', 'swf', 'SWF动画文件', ''),
       ('wav', 'wav', 'WAV音频文件', ''),
       ('aif', 'aif', 'AIFF音频文件', ''),
       ('au', 'au', 'AU音频文件', ''),
       ('mp3', 'mp3', 'MP3音频文件', ''),
       ('ram', 'ram', 'RealAudio文件', ''),
       ('wma', 'wma', 'WMA音频文件', ''),
       ('mmf', 'mmf', 'MMF音频文件', ''),
       ('amr', 'amr', 'AMR音频文件', ''),
       ('aac', 'aac', 'AAC音频文件', ''),
       ('flac', 'flac', 'FLAC音频文件', ''),
       ('java', 'java', 'Java源代码文件', ''),
       ('js', 'js', 'JavaScript文件', ''),
       ('css', 'css', 'CSS样式表文件', ''),
       ('json', 'json', 'JSON文件', '');

-- 插入文件分类信息表数据
DELETE
FROM `file_category`
WHERE `id` IN
      (1, 2, 3, 4, 5, 6, 7, 8, 9, 10, 11, 12, 13, 14, 15, 16, 17, 18, 19, 20, 21, 22, 23, 24, 25, 26, 27, 28, 29, 30,
       31, 32, 33, 34, 35, 36, 37, 38, 39, 40, 41, 42, 43, 44, 45, 46, 47, 48, 49, 50, 51, 52, 53, 54, 55, 56, 57, 58,
       59, 60, 61, 62, 63, 64, 65, 66, 67, 68, 69, 70, 71);
INSERT INTO `file_category` (`id`, `type_id`, `extension`)
VALUES (1, 1, 'bmp'),
       (2, 1, 'jpg'),
       (3, 1, 'png'),
       (4, 1, 'tif'),
       (5, 1, 'gif'),
       (6, 1, 'jpeg'),
       (7, 2, 'doc'),
       (8, 2, 'docx'),
       (9, 2, 'docm'),
       (10, 2, 'dot'),
       (11, 2, 'dotx'),
       (12, 2, 'dotm'),
       (13, 2, 'odt'),
       (14, 2, 'fodt'),
       (15, 2, 'ott'),
       (16, 2, 'rtf'),
       (17, 2, 'txt'),
       (18, 2, 'html'),
       (19, 2, 'htm'),
       (20, 2, 'mht'),
       (21, 2, 'xml'),
       (22, 2, 'pdf'),
       (23, 2, 'djvu'),
       (24, 2, 'fb2'),
       (25, 2, 'epub'),
       (26, 2, 'xps'),
       (27, 2, 'xls'),
       (28, 2, 'xlsx'),
       (29, 2, 'xlsm'),
       (30, 2, 'xlt'),
       (31, 2, 'xltx'),
       (32, 2, 'xltm'),
       (33, 2, 'ods'),
       (34, 2, 'fods'),
       (35, 2, 'ots'),
       (36, 2, 'csv'),
       (37, 2, 'pps'),
       (38, 2, 'ppsx'),
       (39, 2, 'ppsm'),
       (40, 2, 'ppt'),
       (41, 2, 'pptx'),
       (42, 2, 'pptm'),
       (43, 2, 'pot'),
       (44, 2, 'potx'),
       (45, 2, 'potm'),
       (46, 2, 'odp'),
       (47, 2, 'fodp'),
       (48, 2, 'otp'),
       (49, 2, 'hlp'),
       (50, 2, 'wps'),
       (51, 2, 'java'),
       (52, 2, 'js'),
       (53, 2, 'css'),
       (54, 2, 'json'),
       (55, 3, 'avi'),
       (56, 3, 'mp4'),
       (57, 3, 'mpg'),
       (58, 3, 'mov'),
       (59, 3, 'swf'),
       (60, 4, 'wav'),
       (61, 4, 'aif'),
       (62, 4, 'au'),
       (63, 4, 'mp3'),
       (64, 4, 'ram'),
       (65, 4, 'wma'),
       (66, 4, 'mmf'),
       (67, 4, 'amr'),
       (68, 4, 'aac'),
       (69, 4, 'flac'),
       (70, 2, 'md'),
       (71, 2, 'markdown');